-- Inserting data into the Coffee table
INSERT INTO Coffee VALUES(1, 'Napoli', 'Robusta', 13, 'South America, Ouganda', 'Red', 4.70),
                         (2, 'Kazaar', 'Robusta', 12, 'South America', 'Navy blue', 4.30),
                         (3, 'Ristretto', 'Robusta', 10, 'South American, India, South Africa', 'Black', 4.30),
                         (4, 'Dharkan', 'Arabica', 11, 'Costa Rica, Indonesia', 'Blue', 5.20),
                         (5, 'Arpeggio', 'Robusta', 9, 'Brasil, Costa Rica', 'Purple', 4.30),
                         (6, 'Roma', 'Robusta', 8, 'South America', 'Gray', 4.30),
                         (7, 'Venezia', 'Robusta', 8, 'South America', 'Yellow', 4.70),
                         (8, 'Livanto', 'Arabica', 6, 'Costa Rica, Colombia', 'Golden brown', 4.30),
                         (9, 'Capriccio', 'Robusta', 5, 'Brasil, Colombia', 'Emerald green', 4.30),
                         (10, 'Volluto', 'Arabica', 4, 'Brasil, Colombia', 'Golden yellow', 4.30),
                         (11, 'Cosi', 'Arabica', 4, 'Costa Rica, Kenya', 'Light brown', 4.30),
                         (12, 'Ethiopia Organic', 'Arabica', 4, 'Ethiopia', 'Brick', 5.20),
                         (13, 'Peru Organic', 'Arabica', 6, 'Peru', 'Light green', 5.20),
                         (14, 'Indonesia Organic', 'Arabica', 8, 'Indonesia', 'Blue', 5.20),
                         (15, 'India', 'Robusta', 11, 'India', 'Dark green', 4.90),
                         (16, 'Colombia', 'Arabica', 6, 'Colombia', 'Pink', 4.90),
                         (17, 'Nicaragua', 'Arabica', 5, 'Nicaragua', 'Yellow brown', 4.90),
                         (18, 'Paris Espresso', 'Robusta', 6, 'Brasil, Colombia, Vietnam', 'Black & white', 4.70),
                         (19, 'Rio de Janeiro Espresso', 'Arabica', 9, 'Brasil', 'Flashy green', 4.70),
                         (20, 'Istanbul Espresso', 'Robusta', 8, 'Ethiopia, India', 'Light orange', 4.70),
                         (21, 'Shanghai Lungo', 'Arabica', 5, 'Kenya, China', 'Red', 4.80),
                         (22, 'Buenos Aires Lungo', 'Robusta', 4, 'Colombia, Ouganda', 'Grey', 4.80),
                         (23, 'Stockholm Lungo', 'Arabica', 8, 'Colombia, Costa Rica, India', 'Dark turquoise', 4.80),
                         (24, 'Vienna Lungo', 'Arabica', 6, 'Brasil, Colombia', 'Orange', 4.80),
                         (25, 'Tokyo Lungo', 'Arabica', 6, 'Ethiopia, Mexico', 'Light blue', 4.80),
                         (26, 'Tamuka mu Zimbabwe', 'Arabica', 5, 'Zimbabwe', 'Green & black', 6.90),
                         (27, 'Cafecito de Cuba', 'Arabica', 10, 'Cuba', 'Blue & black', 13.00),
                         (28, 'Kahawa ya Congo Organic', 'Arabica', 7, 'Congo', 'Brown & black', 6.90),
                         (29, 'Café Joyeux', 'Arabica', 5, 'Ouganda, Chine', 'Yellow', 5.20),
                         (30, 'N°20', 'Arabica', NULL, 'Colombia', 'Brick', 12.50),
                         (31, 'Galapagos', 'Arabica', NULL, 'Galapagos', 'Green & Black', 15.00),
                         (32, 'Nocciola', 'Arabica', NULL, 'Colombia, Brasil', 'Brown', 5.10),
                         (33, 'Vaniglia', 'Arabica', NULL, 'Colombia, Brasil', 'Beige', 5.10),
                         (34, 'Caramello', 'Arabica', NULL, 'Colombia, Brasil', 'Light golden', 5.10),
                         (35, 'Filter Style Mid', 'Arabica', NULL, 'Colombia, Kenya', 'Pink', 4.30),
                         (36, 'Filter Style Intense', 'Arabica', NULL, 'Colombia, Brasil', 'Orange', 4.30),
                         (37, 'Scuro', 'Arabica', NULL, 'Colombie, Ethiopia', 'Light brown', 5.10),
                         (38, 'Corto', 'Robusta', NULL, 'Ouganda', 'Dark brown', 5.10),
                         (39, 'Chiaro', 'Arabica', NULL, 'Kenya, Indonesia', 'White brown', 5.10),
                         (40, 'Voltesso', 'Arabica', 4, 'Brazil, Colombia', 'Yellow', 4.40),
                         (41, 'Stormio', 'Robusta', 8, 'Nicaragua, Guatemala', 'Dark Grey', 6.60),
                         (42, 'Odacio', 'Robusta', 7, 'Nicaragua, Costa Rica', 'Grey', 6.60),
                         (43, 'Diavolitto', 'Robusta', 11, 'Nicaragua, Guatemala', 'Dark Blue', 4.40),
                         (44, 'Altissio', 'Arabica', 9, 'Costa Rica, South America', 'Purple',4.40),
                         (45, 'Fortado', 'Robusta', 8, 'Guatemala, Ethiopia', 'Dark grey', 5.20),
                         (46, 'Decaffeinato', 'Arabica', 6, 'Costa Rica, South America', 'Grey', 5.10),
                         (47, 'Golden Caramel', 'Robusta', 6, 'Colombia, Brazil', 'Light beige', 6.60),
                         (48, 'Sweet Vanilla', 'Arabica', 4, 'Central & South America', 'Beige', 6.60),
                         (49, 'Solelio', 'Arabica', 2, 'Kenya, South America', 'Yellow', 6.00),
                         (50, 'Melozio', 'Arabica', 6, 'Nicaragua, Costa Rica', 'Brown', 5.20),
                         (51, 'Arondio', 'Arabica', 8, 'Nicaragua, Colombia', 'Dark Brown', 4.30),
                         (52, 'Scuro', 'Robusta', 11, 'Nicaragua, Ethiopia', 'Dark Brown', 5.60),
                         (53, 'Colombia', 'Arabica', 5, 'Brazil, Colombia', 'Pink', 7.10),
                         (54, 'Ethiopia Organic', 'Arabica', 4, 'Brazil, Colombia', 'Brown', 6.40),
                         (55, 'Orafio', 'Arabica', 6, 'Brazil, Colombia', 'Orange', 4.40),
                         (56, 'Tocanto', 'Arabica', 5, 'Brazil, Colombia', 'Brown', 4.40),
                         (57, 'Il Caffè', 'Robusta', 11, 'Brazil, Colombia', 'Dark Green', 4.40),
                         (58, 'Bianco Doppio', 'Arabica', 4, 'Brazil, Colombia', 'Light Brown', 5.60);
;



-- Inserting data into the Client table
INSERT INTO Client VALUES(45325, 'Paul', 'Leflon', 'Ambassador', NULL),
                         (21016, 'Iriantsoa', 'Rasoloarivalona', 'Ambassador', NULL),
                         (98776, 'Aurélien', 'Sarr', 'Expert', 8),
                         (16106, 'Marguerite', 'Chabrot', 'Connoisseur', NULL),
                         (69872, 'Jacqueline', 'Purdue', 'Ambassador', 4),
                         (21479, 'Michael', 'Purdue', 'Connoisseur', 6),
                         (16983, 'Henri', 'Chamoux', 'Expert', 4),
                         (45079, 'Elizabeth', 'Purdue', 'Connoisseur', 5),
                         (15236, 'Clara', 'Chamoux', 'Connoisseur', NULL),
                         (89540, 'Martin', 'Chamoux', 'Connoisseur', NULL),
                         (10048, 'Laura', 'Damas', 'Ambassador', 9),
                         (12589, 'Laura', 'Poilane', 'Expert', 7),
                         (56967, 'Melanie', 'Barre', 'Connoisseur', NULL),
                         (14089, 'Coline', 'Sorin', 'Expert', 9),
                         (78687, 'Domitille', 'Poullain', 'Expert', 8),
                         (91234, 'Salomé', 'Lecoq Fridolfsson', 'Expert', 9),
                         (60872, 'Camille', 'Oden', 'Connoisseur', 7),
                         (88310, 'David', 'Khersis', 'Ambassador', 11),
                         (71003, 'Matteo', 'Launay', 'Connoisseur', 7),
                         (41086, 'Natacha', 'Mohammed', 'Connoisseur', NULL),
                         (87512, 'Fleur', 'Mohammed', 'Connoisseur', 5),
                         (59990, 'Samuel', 'Weistroffer', 'Ambassador', 13),
                         (03560, 'Aurélien', 'Neveux', 'Ambassador', 11),
                         (01120, 'Blandine', 'Arrouart', 'Connoisseur', 4),
                         (57736, 'Jonathan', 'Rajoeliarivony', 'Connoisseur', 9),
                         (19691, 'Paul', 'Pelletier', 'Expert', 6),
                         (65412, 'Anas', 'Bouchekif', 'Expert', 8);



-- Inserting data into the Basket table
INSERT INTO Basket (Basket_id, Client_id,Purchase_date) VALUES(18920795, 45325,'2023-03-16'),
                                                               (87412098, 19691,'2023-04-11'),
                                                               (39087520, 16106,'2023-12-16'),
                                                               (58790112, 14089,'2023-06-28'),
                                                               (27043422, 21016,'2023-01-05'),
                                                               (34799147, 69872,'2023-09-10'),
                                                               (20780563, 45325,'2023-09-08'),
                                                               (11642860, 16983,'2023-11-09'),
                                                               (21478629, 45079,'2023-10-14'),
                                                               (93542018, 71003,'2023-07-04'),
                                                               (72902302, 88310,'2023-05-16');


-- Inserting data into the Basket_Coffee table
INSERT INTO Contain (Basket_id, Serial_number, Quantity) VALUES (18920795, 1, 10),
                                                                (87412098, 36, 4),
                                                                (39087520, 39, 9),
                                                                (58790112, 12, 8),
                                                                (58790112, 5, 6),
                                                                (58790112, 16, 4),
                                                                (27043422, 2, 5),
                                                                (34799147, 19, 5),
                                                                (34799147, 2, 5),
                                                                (20780563, 20, 1),
                                                                (11642860, 5, 4),
                                                                (21478629, 18, 2),
                                                                (21478629, 8, 9),
                                                                (21478629, 1, 4),
                                                                (21478629, 15, 1),
                                                                (93542018, 15, 5),
                                                                (72902302, 22, 3);


-- Inserting data into the Feedback table
INSERT INTO Feedback (Feedback_id, Order_ref, Feedback_date, Review, Rating) VALUES(185, 18920795, '2024-03-15', 'Great service!', 5),
                                                                                   (214, 20780563, '2024-03-16', 'Good coffee.', 4.3),
                                                                                   (393, 58790112, '2024-03-17', 'Average.', 3.6),
                                                                                   (378, 58790112, '2024-03-17', 'Okay.', 2.5),
                                                                                   (120, 93542018, '2024-03-17', 'Awesome !! I recommend !', 5),
                                                                                   (485, 27043422, '2024-03-17', 'The coffee is good but the delivery took ages...', 1.2);

